,City,Country,Date,Latitude,Longitude,Temperature,Humidity,Wind speed,Cloudliness
0,Maple Creek,CA,1529261840,49.91,-109.46,68.14,47,5.5,24
1,Srednekolymsk,RU,1529261840,67.46,153.71,49.61,84,3.71,80
2,Ossora,RU,1529261840,59.24,163.07,40.88,90,3.71,0
3,Sangar,RU,1529261841,63.92,127.47,47.98,64,2.26,12
4,Asbe Teferi,ET,1529261841,9.08,40.87,60.41,81,2.59,0
5,Joensuu,FI,1529259600,62.6,29.76,69.8,52,3.36,0
6,Okhtyrka,UA,1529261841,50.31,34.89,74.53,34,9.86,0
7,Lyngseidet,NO,1529259600,69.58,20.21,50.0,71,20.8,0
8,Gainesville,US,1529260500,29.65,-82.33,91.4,55,6.93,40
9,Danielskuil,ZA,1529261842,-28.19,23.54,52.39,33,9.86,0
10,Kijang,ID,1529261842,0.9,104.63,83.08,95,8.63,64
11,Minab,IR,1529260200,27.15,57.07,87.8,79,13.87,0
12,Langxiang,CN,1529261842,46.95,128.87,59.51,79,3.15,68
13,Owerri,NG,1529261842,5.49,7.03,78.68,85,9.64,80
14,Sebeta,ET,1529261842,8.91,38.62,56.26,87,1.48,56
15,Kokopo,PG,1529261533,-4.34,152.27,77.06,100,1.14,68
16,Burnie,AU,1529261532,-41.05,145.91,51.13,100,18.03,0
17,Inuvik,CA,1529258400,68.36,-133.71,50.0,49,2.24,20
18,Honiara,SB,1529258400,-9.43,159.96,71.6,100,2.24,40
19,Aswan,EG,1529261843,24.09,32.9,96.41,15,7.96,0
20,Palmer,US,1529258160,61.6,-149.11,57.2,71,4.7,90
21,Severomuysk,RU,1529261843,56.17,113.57,47.81,80,1.92,92
22,Silver City,US,1529260500,32.77,-108.28,75.2,33,11.41,75
23,Bathsheba,BB,1529258400,13.22,-59.52,84.2,74,21.92,40
24,Floro,NO,1529259600,61.6,5.03,59.0,82,5.82,20
25,Inongo,CD,1529261544,-1.93,18.29,76.88,81,2.15,8
26,Naifaru,MV,1529261844,5.44,73.37,82.99,100,8.19,92
27,Kiruna,SE,1529259600,67.86,20.23,64.4,49,8.05,0
28,Egvekinot,RU,1529261531,66.32,-179.17,36.38,100,2.59,92
29,Makakilo City,US,1529258640,21.35,-158.09,80.6,61,8.05,1
30,Itarema,BR,1529261577,-2.92,-39.92,83.98,70,16.69,76
31,Kirensk,RU,1529261529,57.78,108.12,60.41,62,4.16,88
32,Sembe,CG,1529261844,1.65,14.58,77.06,81,4.16,0
33,Sao Lourenco do Sul,BR,1529258400,-31.37,-51.98,57.2,67,4.7,40
34,Kunashak,RU,1529260200,55.7,61.55,44.6,81,8.95,20
35,Vanavara,RU,1529261845,60.35,102.28,61.76,83,2.26,0
36,Nouadhibou,MR,1529258400,20.93,-17.03,69.8,73,21.92,0
37,Magadan,RU,1529258400,59.56,150.8,42.8,93,1.92,90
38,Verkhoyansk,RU,1529261845,67.55,133.39,47.26,100,2.59,88
39,Lindi,TZ,1529261845,-10.0,39.71,70.39,66,4.83,0
40,Inhambane,MZ,1529258400,-23.87,35.38,64.4,82,7.18,0
41,Acapulco,MX,1529257440,16.86,-99.88,82.4,74,8.05,90
42,Popondetta,PG,1529261846,-8.77,148.24,67.96,91,1.81,68
43,Barrow,US,1529260500,39.51,-90.4,95.0,62,11.41,1
44,Tromso,NO,1529259600,69.65,18.96,50.0,71,20.8,0
45,Vetlanda,SE,1529259600,57.43,15.09,62.6,59,9.17,0
46,Yamethin,MM,1529261846,20.43,96.14,75.71,92,9.42,36
47,Kortkeros,RU,1529260200,61.81,51.56,57.2,62,4.47,0
48,Port Blair,IN,1529261847,11.67,92.75,80.21,100,26.19,88
49,Luanda,AO,1529261791,-8.83,13.24,74.63,87,7.18,0
50,Voh,NC,1529261847,-20.95,164.69,72.01,100,3.04,92
51,Boyolangu,ID,1529261847,-8.09,111.9,67.16,90,1.14,0
52,Ixtapa,MX,1529257440,20.71,-105.21,86.0,66,9.17,40
53,Shimoda,JP,1529257620,34.7,138.93,68.0,77,5.82,75
54,Along,IN,1529261847,28.17,94.8,67.43,96,1.59,100
55,Puro,PH,1529261848,13.13,123.76,79.39,94,7.18,36
56,Katsuura,JP,1529261558,33.93,134.5,68.59,91,5.17,92
57,Xingyi,CN,1529261848,24.19,102.82,58.96,95,2.37,8
58,Nantucket,US,1529260500,41.28,-70.1,80.6,42,11.41,1
59,Waterloo,SL,1529258400,8.34,-13.07,77.0,69,11.41,75
60,Lake Charles,US,1529260920,30.23,-93.22,87.8,66,25.28,75
61,Inirida,CO,1529261848,3.87,-67.92,82.73,76,2.93,44
62,Tevriz,RU,1529261848,57.51,72.4,52.39,99,2.71,92
63,Manicore,BR,1529261849,-5.81,-61.3,86.96,57,4.38,68
64,Rumonge,BI,1529261849,-3.97,29.44,73.91,100,2.59,0
65,Petropavlovsk-Kamchatskiy,RU,1529258400,53.05,158.65,37.4,100,2.24,90
66,Puerto Ayora,EC,1529258400,-0.74,-90.35,80.6,57,13.87,75
67,Xining,CN,1529261849,36.62,101.77,51.41,100,2.93,92
68,Athabasca,CA,1529261749,54.72,-113.29,70.48,65,6.96,12
69,Khasan,RU,1529261849,42.43,130.64,56.53,100,2.37,88
70,Muros,ES,1529260200,42.77,-9.06,68.0,68,14.99,20
71,Erdenet,MN,1529261850,49.03,104.04,49.96,95,2.37,56
72,Sassandra,CI,1529261850,4.95,-6.09,77.06,100,15.68,92
73,Bayonet Point,US,1529260500,28.33,-82.68,91.4,55,6.93,40
74,San Juan del Sur,NI,1529258400,11.25,-85.87,82.4,83,6.93,75
75,Worthington,US,1529260560,43.62,-95.6,89.6,52,18.34,1
76,Luangwa,ZM,1529261850,-12.88,28.25,64.73,45,8.52,0
77,Akita,JP,1529261851,39.72,140.1,62.48,100,9.75,44
78,Zaragoza,MX,1529261851,19.77,-97.56,64.28,92,1.14,36
79,Broken Hill,AU,1529261540,-31.97,141.45,39.26,95,10.2,0
80,Zhicheng,CN,1529261851,35.04,112.59,75.71,71,5.61,92
81,Kudahuvadhoo,MV,1529261531,2.67,72.89,82.73,100,4.94,76
82,Road Town,VG,1529258400,18.42,-64.62,87.8,70,10.29,40
83,Tabuk,SA,1529258400,28.38,36.58,96.8,8,11.41,0
84,Kuantan,MY,1529258400,3.82,103.33,77.0,94,3.71,75
85,Mayfield,US,1529260500,36.74,-88.64,93.2,55,9.17,75
86,Torbay,CA,1529258400,47.66,-52.73,42.8,86,11.41,90
87,Spokane,US,1529259060,47.66,-117.42,73.4,35,17.22,75
88,Savannah Bight,HN,1529261852,16.45,-85.85,83.44,94,19.15,0
89,Pipri,IN,1529261852,24.21,83.02,81.56,64,5.28,36
90,Bud,NO,1529259600,62.91,6.91,62.6,59,2.24,20
91,Bonnyville,CA,1529258400,54.27,-110.74,73.4,38,8.05,40
92,Karaman,TR,1529261853,37.18,33.22,59.51,95,1.59,92
93,Tilichiki,RU,1529261853,60.47,166.1,42.76,79,3.15,8
94,Hoopstad,ZA,1529261853,-27.83,25.91,54.83,74,11.77,0
95,Labe,GN,1529261597,11.32,-12.28,82.28,61,4.16,64
96,Joshimath,IN,1529261853,30.57,79.57,33.68,100,0.13,88
97,Namie,JP,1529261853,37.52,140.86,61.13,100,7.63,48
98,Vestmanna,FO,1529259600,62.16,-7.17,50.0,87,14.99,92
99,Vao,NC,1529261854,-22.67,167.48,72.91,100,10.87,92
100,Weligama,LK,1529261854,5.97,80.42,76.96,100,13.11,92
101,Castro,CL,1529261854,-42.48,-73.76,53.93,96,10.98,92
102,Zyryanka,RU,1529261854,65.73,150.89,55.36,70,4.16,48
103,Brae,GB,1529259600,60.4,-1.35,55.4,71,10.29,32
104,Muncar,ID,1529261854,-8.43,114.34,76.69,92,4.05,36
105,Lompoc,US,1529260500,34.64,-120.46,62.6,63,10.29,90
106,Carnarvon,AU,1529261876,-24.87,113.63,67.43,100,7.07,100
107,Tshane,BW,1529261876,-24.02,21.87,59.78,31,8.41,0
108,Funchal,PT,1529260200,32.63,-16.9,68.0,64,18.34,20
109,Novobirilyussy,RU,1529261876,56.95,90.69,58.69,86,2.59,32
110,Warrington,US,1529260500,40.25,-75.13,89.6,40,3.6,1
111,Awbari,LY,1529261548,26.59,12.77,94.33,12,10.2,0
112,Grindavik,IS,1529260200,63.84,-22.43,48.2,81,5.82,75
113,Volchikha,RU,1529261877,52.02,80.36,73.54,52,2.82,80
114,Njombe,TZ,1529261877,-9.34,34.77,61.03,63,6.73,20
115,La Romana,DO,1529258400,18.43,-68.97,87.8,74,16.11,40
116,Galesong,ID,1529260200,-5.32,119.37,73.4,88,3.36,20
117,Saint-Pierre,PM,1529258400,46.77,-56.17,50.0,61,14.99,75
118,Romny,RU,1529261877,50.73,129.29,52.93,98,3.15,48
119,Alghero,IT,1529259600,40.56,8.32,71.6,73,5.82,20
120,Ilo,PE,1529261878,-17.65,-71.34,63.83,88,3.38,20
121,Vaini,TO,1529258400,-21.2,-175.2,69.8,83,5.82,75
122,Maua,KE,1529261878,0.23,37.94,63.56,95,3.27,92
123,Srivardhan,IN,1529261878,18.03,73.02,73.63,100,9.86,92
124,Namatanai,PG,1529261568,-3.66,152.44,79.58,100,6.4,24
125,Cabra,PH,1529261878,13.89,120.05,83.81,100,15.79,24
126,Punta Arenas,CL,1529258400,-53.16,-70.91,41.0,80,8.05,0
127,Portland,AU,1529261879,-33.35,149.98,40.69,88,7.63,64
128,Griffith,AU,1529261879,-34.29,146.06,46.63,93,12.77,32
129,Teya,RU,1529261879,60.37,92.63,58.43,79,2.15,0
130,Gua Musang,MY,1529261879,4.88,101.97,74.53,91,1.81,32
131,Kloulklubed,PW,1529257860,7.04,134.26,80.6,83,3.36,90
132,Brownsville,US,1529261520,25.91,-97.49,95.0,52,16.11,1
133,Kaputa,ZM,1529261880,-8.47,29.66,64.09,55,2.82,0
134,Progreso,MX,1529261880,20.25,-99.19,70.76,81,2.93,24
135,Mount Isa,AU,1529258400,-20.73,139.49,51.8,43,11.41,0
136,Borba,BR,1529261880,-4.39,-59.59,79.76,89,2.93,64
137,Ambatofinandrahana,MG,1529261880,-20.55,46.8,53.03,93,2.48,0
138,Tumarbong,PH,1529261880,10.38,119.46,84.16,100,11.77,32
139,Tiarei,PF,1529260200,-17.53,-149.33,80.6,69,13.87,40
140,Dolores,AR,1529261881,-36.31,-57.68,51.68,82,14.45,0
141,Baruun-Urt,MN,1529261881,46.68,113.28,55.09,96,9.86,68
142,Kasongo-Lunda,CD,1529261881,-6.48,16.82,78.13,35,5.06,0
143,Berlevag,NO,1529257800,70.86,29.09,44.6,87,10.29,75
144,Moose Factory,CA,1529260020,51.26,-80.61,73.4,78,8.05,90
145,Springbok,ZA,1529261882,-29.67,17.88,48.43,54,5.95,8
146,Uberaba,BR,1529258400,-19.75,-47.94,78.8,44,4.7,40
147,Kodiak,US,1529257980,39.95,-94.76,93.2,49,16.11,20
148,Adrar,DZ,1529258400,27.87,-0.29,105.8,10,12.75,0
149,Sammamish,US,1529261580,47.61,-122.04,78.8,44,5.82,1
150,Hamilton,BM,1529258100,32.3,-64.78,77.0,69,9.17,75
151,Znamenskoye,RU,1529261882,57.13,73.82,54.01,99,3.83,92
152,Coihaique,CL,1529258400,-45.58,-72.07,44.6,100,5.82,75
153,Wilmington,US,1529260500,39.75,-75.55,89.6,42,4.7,1
154,Montes Altos,BR,1529258400,-5.83,-47.07,95.0,47,7.29,40
155,Ornskoldsvik,SE,1529259600,63.29,18.72,59.0,62,5.82,0
156,Lorengau,PG,1529261883,-2.02,147.27,80.21,100,5.73,36
157,Winder,US,1529260500,33.99,-83.72,89.6,55,4.38,40
158,Busselton,AU,1529261796,-33.64,115.35,59.41,100,21.5,92
159,Ketchikan,US,1529258160,55.34,-131.65,66.2,68,10.29,90
160,Naze,JP,1529261564,28.37,129.48,78.41,98,6.73,100
161,Kenai,US,1529260740,60.55,-151.26,55.4,76,3.36,75
162,Belaya Gora,RU,1529261884,68.54,146.19,53.74,60,9.19,56
163,Pontes e Lacerda,BR,1529261884,-15.23,-59.33,71.21,73,7.96,0
164,Moyale,KE,1529261884,3.52,39.06,68.06,89,4.38,68
165,Dunda,TZ,1529261578,-8.12,34.25,70.48,44,13.67,0
166,Ternate,ID,1529261884,0.8,127.4,82.01,100,6.29,48
167,Bilma,NE,1529261885,18.69,12.92,104.23,10,7.74,100
168,Thinadhoo,MV,1529261885,0.53,72.93,83.63,100,8.63,68
169,Rio de Janeiro,BR,1529258400,-22.91,-43.21,75.2,78,10.29,40
170,Paita,PE,1529258400,-5.09,-81.11,77.0,69,12.75,0
171,Aksu,CN,1529261885,41.12,80.26,52.21,90,2.04,24
172,Bayji,IQ,1529261885,34.93,43.49,94.96,15,7.18,36
173,Pearl Lagoon,NI,1529258400,12.34,-83.67,86.0,79,9.17,40
174,Araouane,ML,1529261573,18.9,-3.53,111.08,8,7.85,0
175,Nuuk,GL,1529257800,64.17,-51.74,42.8,94,5.82,20
176,Nome,US,1529260500,30.04,-94.42,84.2,83,9.17,75
177,Mokhsogollokh,RU,1529261886,61.4,128.95,52.03,100,3.94,100
178,Figline Valdarno,IT,1529259600,43.62,11.47,82.4,42,6.93,0
179,Hovelhof,DE,1529259600,51.82,8.65,66.2,51,9.17,20
180,North Bend,US,1529260500,43.41,-124.22,66.2,63,9.17,1
181,Sunyani,GH,1529261887,7.34,-2.33,79.21,76,13.22,76
182,Manfredonia,IT,1529261887,41.63,15.91,77.78,82,8.08,0
183,Havoysund,NO,1529259600,71.0,24.66,46.4,75,11.41,0
184,Coquimbo,CL,1529258400,-29.95,-71.34,53.6,87,8.05,40
185,Pangkalanbuun,ID,1529261887,-2.68,111.62,77.51,82,5.73,8
186,Pelotas,BR,1529258400,-31.77,-52.34,57.2,67,4.7,40
187,Zlutice,CZ,1529260200,50.09,13.16,66.2,55,9.17,0
188,Yangambi,CD,1529261888,0.77,24.47,82.09,64,3.15,76
189,Iralaya,HN,1529261888,15.0,-83.23,84.61,82,10.76,100
190,Karla,EE,1529259600,59.37,24.93,73.4,53,8.05,0
191,Tofield,CA,1529258400,53.37,-112.67,71.6,35,9.17,20
192,Old Town,US,1529261520,38.98,-76.93,89.6,48,3.36,75
193,Aleksandrov Gay,RU,1529261888,50.14,48.57,66.08,30,8.97,0
194,Aykhal,RU,1529261889,65.95,111.51,52.58,61,4.72,12
195,Cabo San Lucas,MX,1529257620,22.89,-109.91,87.8,51,6.93,5
196,Havelock,US,1529258280,34.88,-76.9,89.6,74,13.87,20
197,Vestmannaeyjar,IS,1529258400,63.44,-20.27,48.2,93,16.11,75
198,Takab,IR,1529261889,36.4,47.11,64.01,27,5.5,0
199,Aloleng,PH,1529261889,16.13,119.78,78.68,100,13.78,88
200,Guarda,PT,1529261648,40.54,-7.27,76.61,70,4.16,0
201,Yucca Valley,US,1529260500,34.12,-116.41,84.2,11,10.29,1
202,Hinton,CA,1529261890,53.4,-117.57,67.43,35,1.59,0
203,Makokou,GA,1529261890,0.56,12.85,78.04,81,3.27,92
204,Shaowu,CN,1529261890,27.34,117.49,65.81,87,1.92,32
205,Bonavista,CA,1529261890,48.65,-53.11,42.31,97,8.86,8
206,Port Moresby,PG,1529258400,-9.47,147.16,77.0,100,4.7,40
207,Simpang,ID,1529261891,4.36,96.17,77.33,100,1.03,92
208,Boguchany,RU,1529261891,58.38,97.46,55.28,86,2.37,0
209,Bambous Virieux,MU,1529258400,-20.34,57.76,75.2,83,6.73,75
210,Cockburn Town,TC,1529261891,21.46,-71.14,81.56,98,9.98,0
211,Pisco,PE,1529258400,-13.71,-76.2,66.2,72,8.05,90
212,Santa Flavia,IT,1529259600,38.09,13.54,71.6,83,6.93,40
213,Yellowknife,CA,1529258400,62.45,-114.38,68.0,45,9.17,75
214,Dolgoye,RU,1529261892,52.06,37.53,69.76,39,6.62,0
215,Plettenberg Bay,ZA,1529261892,-34.05,23.37,62.83,90,4.16,12
216,Ancud,CL,1529261892,-41.87,-73.83,53.93,99,12.77,92
217,Teguise,ES,1529260200,29.06,-13.56,71.6,68,11.41,75
218,Constantine,DZ,1529260200,36.36,6.61,71.6,56,9.17,20
219,Ishigaki,JP,1529261893,24.34,124.16,79.93,100,20.49,88
220,Vilhena,BR,1529258400,-12.74,-60.15,80.6,54,8.05,20
221,Tiksi,RU,1529261893,71.64,128.87,34.39,82,3.94,0
222,Kandrian,PG,1529261893,-6.21,149.55,73.81,100,2.59,36
223,Puerto Colombia,CO,1529258400,10.99,-74.96,89.6,75,11.41,20
224,Kathu,TH,1529258400,7.91,98.33,80.6,78,23.04,75
225,Kapit,MY,1529261894,2.02,112.94,73.91,95,2.48,44
226,Saldanha,ZA,1529258400,-33.01,17.94,57.2,100,16.11,92
227,Faanui,PF,1529261559,-16.48,-151.75,77.96,100,5.61,24
228,Pochutla,MX,1529257500,15.74,-96.47,87.8,45,6.4,75
229,Kangaatsiaq,GL,1529261573,68.31,-53.46,33.41,98,6.62,64
230,Bartica,GY,1529258400,6.41,-58.62,80.6,88,6.93,75
231,Henties Bay,NA,1529261894,-22.12,14.28,56.89,100,5.5,0
232,Bluff,NZ,1529261531,-46.6,168.33,46.28,100,2.71,44
233,Naqadeh,IR,1529261895,36.96,45.39,74.26,90,13.0,0
234,Snezhnogorsk,RU,1529260200,69.19,33.23,53.6,58,6.71,0
235,Tarsus,TR,1529259600,36.92,34.88,77.0,73,6.93,40
236,Necochea,AR,1529261895,-38.55,-58.74,57.98,70,15.35,0
237,Juegang,CN,1529261895,32.31,121.18,71.93,97,10.98,92
238,Harer,ET,1529261790,9.31,42.13,64.36,58,2.82,0
239,Georgetown,SH,1529261895,-7.93,-14.42,77.59,100,15.12,0
240,Zheleznodorozhnyy,RU,1529260200,55.75,38.0,68.0,63,2.24,0
241,Flin Flon,CA,1529258400,54.77,-101.88,73.4,31,9.17,75
242,Valparaiso,CL,1529258400,-33.04,-71.63,59.0,67,3.36,0
243,Lakatoro,VU,1529261896,-16.11,167.42,75.79,93,9.64,88
244,Panzhihua,CN,1529261896,26.59,101.72,62.21,99,1.03,64
245,San Pedro,BZ,1529258400,17.92,-87.97,86.0,79,9.17,75
246,Altamira,BR,1529258400,-3.2,-52.21,87.8,62,2.24,75
247,Socorro,US,1529261460,31.65,-106.3,84.2,26,8.05,20
248,Indramayu,ID,1529261897,-4.05,103.78,70.58,96,2.15,76
249,Jenbach,AT,1529259600,47.39,11.77,71.6,53,8.05,75
250,Santa Maria,CV,1529258400,16.6,-22.9,77.0,57,14.99,75
251,Byron Bay,AU,1529258400,-28.65,153.62,35.6,100,4.7,0
252,Sibi,PK,1529261897,29.55,67.88,90.38,22,6.4,32
253,Mildura,AU,1529261754,-34.18,142.16,42.58,89,10.98,12
254,Gornyy,RU,1529261898,51.76,48.54,62.11,37,5.61,0
255,Mwinilunga,ZM,1529261898,-11.73,24.43,62.74,49,5.17,0
256,Kharp,RU,1529261898,66.82,65.8,51.86,70,8.63,8
257,Port Lincoln,AU,1529261898,-34.72,135.86,53.03,100,5.39,100
258,Gushi,CN,1529261898,32.17,115.65,74.53,78,4.94,48
259,Fillmore,US,1529260500,38.97,-112.32,78.8,22,12.75,40
260,Ilebo,CD,1529261899,-4.33,20.59,83.81,58,0.92,0
261,Tahoua,NE,1529258400,14.89,5.26,93.2,36,13.87,0
262,Itaituba,BR,1529258400,-4.26,-55.99,77.0,88,2.59,20
263,Pakaur,IN,1529261900,24.64,87.92,77.59,92,7.18,24
264,Kroya,ID,1529261900,-6.5,108.06,76.43,84,3.49,80
265,San Carlos de Bariloche,AR,1529258400,-41.13,-71.31,55.4,66,24.16,40
266,Natal,BR,1529258400,-5.81,-35.21,80.6,78,11.41,75
267,Porto Novo,CV,1529258400,17.02,-25.06,78.8,54,16.11,20
268,Sungaipenuh,ID,1529261531,-2.08,101.38,66.16,98,1.48,68
269,Constitucion,MX,1529257560,23.99,-104.67,78.8,39,8.05,75
270,Teeli,RU,1529261901,51.01,90.2,43.93,69,2.15,0
271,Manacapuru,BR,1529261901,-3.3,-60.62,78.76,89,3.38,80
272,Guerrero Negro,MX,1529261563,27.97,-114.04,68.33,71,9.75,0
273,Butaritari,KI,1529261572,3.07,172.79,80.29,100,2.93,76
274,Severo-Kurilsk,RU,1529261556,50.68,156.12,36.28,100,4.16,32
275,Fairbanks,US,1529260380,64.84,-147.72,62.6,77,3.36,90
276,Guilin,CN,1529258400,25.28,110.29,77.0,94,4.47,0
277,Condado,CU,1529257860,21.88,-79.84,91.4,52,8.05,75
278,Hartford,US,1529260500,41.76,-72.69,87.8,30,8.05,1
279,Jacareacanga,BR,1529261901,-6.22,-57.76,85.88,67,3.83,12
280,Mongo,TD,1529261902,12.18,18.69,84.53,57,5.84,32
281,Nishihara,JP,1529258400,35.74,139.53,68.0,87,2.93,90
282,Emmett,US,1529260920,43.87,-116.5,60.8,93,9.17,90
283,Pevek,RU,1529261537,69.7,170.27,38.63,79,3.94,0
284,Sao Filipe,CV,1529261576,14.9,-24.5,73.46,96,12.66,12
285,Kuki,JP,1529258400,36.07,139.65,68.0,87,2.93,90
286,Zima,RU,1529261902,53.93,102.05,51.04,85,2.15,0
287,Sobolevo,RU,1529261902,54.43,31.9,69.13,74,6.96,44
288,Husavik,IS,1529258400,66.04,-17.34,50.0,81,13.87,75
289,Uyuni,BO,1529261903,-20.46,-66.82,52.93,25,11.77,0
290,Omsukchan,RU,1529261580,62.53,155.8,36.38,88,3.6,36
291,Caconda,AO,1529261903,-13.73,15.06,60.49,34,6.17,0
292,San Cristobal,EC,1529261903,-1.02,-79.44,69.31,99,2.71,36
293,Port Hueneme,US,1529259480,34.15,-119.2,64.4,63,4.7,90
294,Zambezi,ZM,1529261903,-13.55,23.12,64.46,41,7.07,0
295,Mana,GF,1529261560,5.67,-53.78,83.81,72,2.82,48
296,Cajati,BR,1529261904,-24.73,-48.11,62.48,89,5.95,92
297,Vila Franca do Campo,PT,1529260200,37.72,-25.43,71.6,83,8.05,40
298,Yar-Sale,RU,1529261904,66.83,70.83,49.24,74,16.24,32
299,Zaltan,LY,1529261904,32.95,11.87,75.08,79,10.09,0
300,Carson City,US,1529260500,39.16,-119.77,59.0,47,12.75,1
301,Geraldton,AU,1529260200,-28.77,114.6,64.4,93,17.22,90
302,Abay,KZ,1529260200,49.63,72.87,62.6,63,15.66,40
303,Sao Joao da Barra,BR,1529258400,-21.64,-41.05,77.0,65,16.11,20
304,Ostrovnoy,RU,1529261535,68.05,39.51,57.34,60,12.66,8
305,Oudtshoorn,ZA,1529258400,-33.59,22.2,68.0,34,5.82,0
306,State College,US,1529258040,40.79,-77.86,84.2,62,5.82,75
307,Kedrovoye,RU,1529260200,57.16,60.57,57.2,71,8.95,0
308,Shu,KZ,1529261905,43.6,73.76,73.99,29,8.63,0
309,Cruzeiro do Sul,BR,1529258400,-7.63,-72.67,77.0,61,6.93,90
310,Tomatlan,MX,1529261542,19.93,-105.25,84.08,73,4.05,56
311,Semey,KZ,1529261906,50.41,80.25,68.78,57,2.59,0
312,Baykit,RU,1529261579,61.68,96.39,56.63,81,2.93,8
313,Cristalina,BR,1529261906,-16.77,-47.61,78.68,46,9.98,0
314,Los Llanos de Aridane,ES,1529260200,28.66,-17.92,68.0,82,19.46,75
315,Corinto,NI,1529258400,12.48,-87.17,89.6,66,4.7,40
316,Oktyabrskoye,RU,1529261906,56.73,85.44,65.89,62,7.4,76
317,Namtsy,RU,1529261576,62.72,129.66,52.93,82,3.27,92
318,Hualmay,PE,1529261568,-11.1,-77.61,68.96,72,5.61,24
319,Ha Giang,VN,1529261907,22.83,104.99,71.93,99,1.81,100
320,Henderson,US,1529260740,36.04,-114.98,87.8,14,27.51,1
321,Saint-Ambroise,CA,1529259900,48.56,-71.32,75.2,72,12.75,90
322,Baherden,TM,1529261907,38.44,57.43,72.73,31,2.71,0
323,Provideniya,RU,1529261907,64.42,-173.23,38.36,100,4.27,0
324,Monte Alegre,BR,1529261908,-2.0,-54.07,89.74,55,5.5,8
325,Moindou,NC,1529260200,-21.69,165.68,62.6,93,1.12,0
326,Filingue,NE,1529261908,14.35,3.32,93.61,41,8.63,76
327,Martapura,ID,1529261908,-3.41,114.85,76.33,98,5.84,0
328,Wenling,CN,1529261908,28.38,121.38,73.91,100,3.71,92
329,Yashkul,RU,1529261909,46.17,45.34,74.63,22,10.42,36
330,Riyadh,SA,1529258400,24.63,46.72,100.4,9,25.28,0
331,Rochelle,US,1529260500,41.92,-89.07,91.4,74,9.17,1
332,Hambantota,LK,1529261909,6.12,81.12,77.14,100,16.02,80
333,Muisne,EC,1529261909,0.61,-80.02,77.59,98,4.27,80
334,Half Moon Bay,US,1529258400,37.46,-122.43,66.2,59,5.82,40
335,Khategaon,IN,1529261910,22.6,76.91,79.58,76,11.77,12
336,Evensk,RU,1529261910,61.92,159.24,40.24,100,5.5,88
337,Muromtsevo,RU,1529261910,56.37,75.24,55.28,95,6.73,36
338,Almaznyy,RU,1529261910,48.03,40.04,71.03,24,7.74,44
339,Piacabucu,BR,1529261910,-10.41,-36.43,78.86,83,10.87,64
340,Camacupa,AO,1529261910,-12.02,17.48,56.53,59,3.27,0
341,Dunhua,CN,1529261932,43.37,128.23,60.49,100,3.15,88
342,Lavrentiya,RU,1529261932,65.58,-170.99,36.83,99,18.48,0
343,Lagos,PT,1529260200,37.1,-8.67,75.2,57,10.29,0
344,Poum,NC,1529261932,-20.23,164.02,74.26,100,6.73,100
345,Dabat,ET,1529261932,12.98,37.77,58.61,97,2.15,100
346,Pundaguitan,PH,1529261932,6.37,126.17,83.18,100,9.19,44
347,Cooma,AU,1529261565,-36.24,149.13,40.33,89,11.43,88
348,Changji,CN,1529261932,32.07,116.17,73.63,87,3.04,48
349,San Jeronimo,MX,1529257260,29.37,-110.79,93.2,30,4.7,5
350,Sorland,NO,1529259600,67.67,12.69,53.6,71,6.93,75
351,Staryy Merchyk,UA,1529260200,49.98,35.76,66.2,45,8.95,0
352,Touros,BR,1529261933,-5.2,-35.46,76.69,100,10.42,88
353,Axim,GH,1529261933,4.87,-2.24,77.14,100,15.23,88
354,Blagodatnoye,UA,1529261866,47.7,37.42,74.26,25,9.98,24
355,Santiago de Cuba,CU,1529258160,20.03,-75.83,91.4,55,10.29,20
356,Beloha,MG,1529261934,-25.17,45.06,63.38,75,7.85,0
357,Yumen,CN,1529261934,40.29,97.04,70.21,38,11.88,48
358,Broome,AU,1529258400,-17.97,122.23,60.8,41,6.93,0
359,Bethlehem,ZA,1529261934,-28.23,28.31,38.18,35,4.94,0
360,Kerchevskiy,RU,1529261934,59.95,56.29,58.96,69,8.19,20
361,Saint-Jean-de-Braye,FR,1529260200,47.92,1.97,68.0,52,11.41,40
362,Florencia,CR,1529258400,10.36,-84.47,82.4,74,12.75,40
363,Ardino,BG,1529260200,41.58,25.13,71.6,64,6.93,36
364,Manggar,ID,1529261935,-2.88,108.27,81.64,84,10.09,20
365,Buchanan,LR,1529260200,5.88,-10.05,77.0,94,5.82,75
366,Port Hardy,CA,1529258400,50.7,-127.42,57.2,76,5.82,40
367,Chivilcoy,AR,1529261812,-34.9,-60.02,56.98,61,12.77,0
368,Saskylakh,RU,1529261936,71.97,114.09,61.58,61,12.66,88
369,Souillac,MU,1529258400,-20.52,57.52,75.2,83,6.73,75
370,Mitsamiouli,KM,1529258400,-11.38,43.28,78.8,74,9.17,20
371,Artyom,AZ,1529260200,40.47,50.33,73.4,64,24.16,40
372,Stephenville Crossing,CA,1529258400,48.5,-58.44,59.0,41,9.17,20
373,Nabire,ID,1529261936,-3.36,135.5,67.61,97,2.04,64
374,Tateyama,JP,1529261937,36.66,137.31,55.63,92,2.37,92
375,Fort Nelson,CA,1529258400,58.81,-122.69,78.8,29,18.34,40
376,Ambilobe,MG,1529261937,-13.19,49.05,76.33,63,1.36,32
377,Hovd,MN,1529261554,48.01,91.64,53.66,55,1.59,8
378,Teruel,ES,1529260200,40.34,-1.11,75.2,57,6.93,0
379,Arlit,NE,1529261568,18.74,7.39,103.88,11,4.61,80
380,Pangnirtung,CA,1529258400,66.15,-65.72,37.4,93,9.17,40
381,Aksay,KZ,1529261937,51.17,53.01,65.89,36,8.19,0
382,Cidreira,BR,1529261573,-30.17,-50.22,59.51,78,6.96,0
383,Rikitea,PF,1529261938,-23.12,-134.97,75.43,100,30.78,80
384,Mahibadhoo,MV,1529261938,3.78,72.97,83.26,100,6.29,92
385,Magadi,KE,1529261938,-1.9,36.29,61.58,100,2.59,80
386,Ilulissat,GL,1529257800,69.22,-51.1,44.6,82,4.7,75
387,Shestakovo,RU,1529261938,56.49,103.96,51.86,84,2.37,0
388,Tongren,CN,1529261938,27.72,109.18,72.38,92,2.71,12
389,Barra do Garcas,BR,1529261929,-15.89,-52.26,88.03,35,9.86,0
390,Naantali,FI,1529259600,60.45,22.03,71.6,46,8.05,8
391,Kafue,ZM,1529261939,-15.74,28.18,65.53,48,8.75,0
392,La Palma,PA,1529261939,8.4,-78.14,83.81,85,3.94,80
393,Vanimo,PG,1529261960,-2.67,141.3,84.43,100,7.63,88
394,Pontianak,ID,1529261960,-0.02,109.34,80.93,94,2.71,32
395,Sonkovo,RU,1529261960,57.78,37.16,70.21,45,5.61,44
396,Amga,RU,1529261961,60.89,131.98,54.19,76,4.94,8
397,Capoterra,IT,1529259600,39.18,8.97,77.0,53,16.11,0
398,Stonewall,CA,1529258400,50.13,-97.33,73.4,49,12.75,75
399,Krabi,TH,1529258400,8.06,98.92,80.6,100,5.82,90
400,Young,AU,1529261961,-34.31,148.3,40.88,92,13.22,0
401,Rosarito,MX,1529257740,27.04,-109.91,91.4,29,2.24,5
402,Mbanza-Ngungu,CD,1529261961,-5.25,14.87,75.43,78,6.29,0
403,Sinnamary,GF,1529261962,5.38,-52.96,81.83,93,9.86,68
404,Ghanzi,BW,1529261550,-21.7,21.65,58.24,43,6.17,0
405,Ust-Tsilma,RU,1529261962,65.44,52.15,54.83,72,2.71,32
406,Buala,SB,1529261534,-8.15,159.59,79.31,100,7.18,48
407,Gus-Zheleznyy,RU,1529261962,55.05,41.16,65.63,70,2.93,64
408,Deputatskiy,RU,1529261578,69.3,139.9,46.18,72,2.93,0
409,Kitimat,CA,1529258400,54.02,-128.69,69.8,49,5.82,20
410,Nyurba,RU,1529261962,63.29,118.35,57.71,45,4.38,48
411,Bako,ET,1529261963,5.83,36.63,64.28,90,1.7,64
412,Korla,CN,1529261963,41.76,86.15,63.19,90,7.63,92
413,Biak,ID,1529261556,-0.91,122.88,76.61,99,4.38,44
414,Igdir,TR,1529260200,39.92,44.05,73.4,40,9.17,20
415,Selizharovo,RU,1529261963,56.86,33.45,69.68,49,5.06,44
416,Moussoro,TD,1529261963,13.64,16.49,95.33,35,7.63,8
417,Bethel,US,1529257980,60.79,-161.76,50.0,93,9.17,90
418,Asyut,EG,1529258400,27.18,31.19,95.0,28,11.41,0
419,Chegdomyn,RU,1529261964,51.13,133.04,51.58,97,6.85,92
420,Davila,PH,1529258400,18.47,120.58,82.4,83,9.17,40
421,Alekseyevskoye,RU,1529261964,45.2,43.58,71.21,61,8.08,92
422,Uyemskiy,RU,1529260200,64.47,40.85,64.4,63,2.24,0
423,Black Diamond,CA,1529258400,50.69,-114.23,62.6,44,5.82,1
424,Sakaiminato,JP,1529258400,35.55,133.23,68.0,68,1.12,75
425,Nisia Floresta,BR,1529258400,-6.09,-35.21,80.6,78,11.41,75
426,Boca do Acre,BR,1529261965,-8.76,-67.39,78.41,62,4.16,0
427,Tongliao,CN,1529261965,43.61,122.27,67.16,90,10.87,36
428,Ponta Delgada,PT,1529260200,37.73,-25.67,71.6,83,8.05,40
429,Ulladulla,AU,1529258400,-35.36,150.48,50.0,76,12.75,90
430,Arcachon,FR,1529260200,44.65,-1.18,66.2,59,5.82,75
431,Hasaki,JP,1529258400,35.73,140.83,62.6,100,2.24,75
432,Vostok,RU,1529261966,46.45,135.83,57.43,99,2.37,92
433,Marawi,SD,1529261966,18.48,31.82,91.01,21,2.71,0
434,Dawlatabad,AF,1529261966,36.41,64.91,74.53,30,6.62,0
435,Altus,US,1529260800,34.64,-99.33,93.2,36,18.34,1
436,Sur,OM,1529261967,22.57,59.53,87.86,86,4.72,0
437,Bhainsa,IN,1529261967,26.95,76.9,94.24,32,7.4,92
438,Tuktoyaktuk,CA,1529258400,69.44,-133.03,35.6,100,5.82,20
439,Livingston,US,1529260680,45.66,-110.56,53.6,93,21.92,90
440,Nakano,JP,1529260200,35.72,139.66,68.0,88,3.36,75
441,Rupert,US,1529257980,42.62,-113.68,68.0,49,5.82,1
442,Rio Gallegos,AR,1529258400,-51.62,-69.22,44.6,65,3.36,0
443,Panguna,PG,1529261968,-6.32,155.48,71.66,91,3.15,20
444,Mackay,AU,1529258400,-21.15,149.2,50.0,81,6.93,32
445,Fortuna,US,1529260800,40.6,-124.16,62.6,72,11.41,1
446,Arrecife,ES,1529260200,28.96,-13.55,71.6,68,11.41,75
447,Kaitangata,NZ,1529261563,-46.28,169.85,33.94,78,2.37,80
448,Medina,US,1529261100,41.14,-81.86,91.4,52,10.29,40
449,Sergeyevka,RU,1529261968,43.34,133.36,52.39,98,1.81,100
450,Eyl,SO,1529261969,7.98,49.82,80.48,74,24.07,8
451,Bella Vista,PY,1529258400,-27.04,-55.58,60.8,41,5.82,0
452,Sitka,US,1529261969,37.17,-99.65,90.28,58,19.04,20
453,Anadyr,RU,1529258400,64.73,177.51,46.4,65,2.24,75
454,Awjilah,LY,1529261969,29.14,21.3,87.41,22,16.13,0
455,Hami,CN,1529261969,42.84,93.51,73.91,40,2.82,44
456,Braganca Paulista,BR,1529258400,-22.95,-46.54,75.2,72,5.82,75
457,Deming,US,1529260500,32.27,-107.76,78.8,33,11.41,75
458,Colares,PT,1529260200,38.8,-9.45,84.2,47,14.99,0
459,Simao,CN,1529261970,22.76,100.79,66.79,99,1.59,88
460,Omboue,GA,1529261970,-1.57,9.26,76.51,100,11.43,92
461,Clyde River,CA,1529258400,70.47,-68.59,46.4,81,3.36,20
462,Golkoy,TR,1529261970,40.69,37.62,64.63,78,1.7,12
463,Waddan,LY,1529261971,29.16,16.14,88.13,23,7.63,0
464,Erenhot,CN,1529261971,43.65,111.97,66.08,54,15.9,64
465,Kenora,CA,1529260500,49.76,-94.48,69.8,60,9.17,90
466,Igarka,RU,1529261546,67.47,86.57,69.41,46,9.42,24
467,Yulara,AU,1529258400,-25.24,130.99,39.2,69,6.93,0
468,Bay Roberts,CA,1529258400,47.58,-53.28,42.8,81,6.93,75
469,Leningradskiy,RU,1529261550,69.38,178.42,32.59,96,18.25,0
470,Nancha,CN,1529261971,47.14,129.26,55.91,92,2.04,92
471,Prachuap Khiri Khan,TH,1529261972,11.81,99.79,72.56,97,5.84,92
472,Fayaoue,NC,1529261972,-20.65,166.53,74.18,100,8.97,92
473,Vostochnyy,RU,1529260200,55.82,37.87,68.0,59,6.71,0
474,Beyneu,KZ,1529261972,45.32,55.19,74.81,18,12.88,0
475,Sambava,MG,1529261972,-14.27,50.17,75.88,100,18.48,20
476,Sabang,ID,1529261972,1.17,120.82,83.26,100,2.59,0
477,Te Anau,NZ,1529261973,-45.41,167.72,32.51,83,3.49,92
478,Tonaya,MX,1529261973,19.79,-103.97,71.48,88,2.37,24
479,Alofi,NU,1529258400,-19.06,-169.92,68.0,88,6.93,92
480,Longyearbyen,SJ,1529257800,78.22,15.64,37.4,96,17.22,75
481,Solano,CO,1529261973,0.7,-75.25,74.08,89,3.27,88
482,Tottori,JP,1529261973,35.5,134.23,60.58,98,2.15,100
483,Jaguaribe,BR,1529261974,-5.88,-38.62,90.19,38,5.61,36
484,Abha,SA,1529258400,18.22,42.5,80.6,57,0.92,0
485,Khartoum,SD,1529260200,15.59,32.54,87.8,40,4.7,0
486,Reinosa,ES,1529260200,43.0,-4.14,68.0,72,3.36,0
487,Suzhou,CN,1529261974,33.65,116.96,74.98,70,7.96,100
488,Esperance,AU,1529261974,-33.86,121.89,59.14,41,22.73,0
489,Roma,AU,1529261974,-26.57,148.79,37.01,72,9.75,0
490,Rocha,UY,1529261975,-34.48,-54.34,55.28,71,8.19,0
491,Dom Pedrito,BR,1529261975,-30.98,-54.67,55.63,76,4.61,0
492,Dharchula,IN,1529261975,29.85,80.53,49.43,91,1.7,68
493,Palana,RU,1529261975,59.08,159.95,38.63,90,2.37,0
494,Aguas Formosas,BR,1529261975,-17.08,-40.94,75.43,62,4.72,0
495,Zaysan,KZ,1529261975,47.47,84.87,60.23,76,3.94,92
496,Hailun,CN,1529261976,47.46,126.97,63.83,74,4.61,88
497,Daru,PG,1529261976,-9.07,143.21,77.59,99,14.45,92
498,Dwarka,IN,1529258400,28.58,77.04,87.8,58,6.93,20
499,Florianopolis,BR,1529258400,-27.6,-48.55,62.6,77,3.36,75
500,Santa Vitoria do Palmar,BR,1529261976,-33.52,-53.37,56.36,87,8.52,0
501,Craig,US,1529260500,40.52,-107.55,73.4,63,6.93,75
502,Namibe,AO,1529261537,-15.19,12.15,69.31,100,8.08,0
503,Cherskiy,RU,1529261534,68.75,161.3,42.94,64,2.37,20
504,Havre-Saint-Pierre,CA,1529258400,50.23,-63.6,55.4,50,13.87,1
505,Bahir Dar,ET,1529261977,11.59,37.39,58.61,87,1.03,32
506,Catia La Mar,VE,1529258400,10.6,-67.03,86.0,70,4.7,40
507,Merauke,ID,1529261977,-8.49,140.4,77.23,96,13.67,44
508,Bogorodskoye,RU,1529261543,52.37,140.44,46.63,95,6.06,92
509,Hithadhoo,MV,1529261562,-0.6,73.08,83.81,100,7.85,92
510,Pasni,PK,1529261977,25.26,63.48,85.96,92,15.01,0
511,Albany,AU,1529261478,-35.02,117.88,63.11,50,23.51,44
512,Iguape,BR,1529261978,-24.7,-47.56,63.01,100,12.55,92
513,Acajutla,SV,1529257800,13.59,-89.83,87.8,74,4.7,40
514,Liberal,US,1529260200,37.04,-100.92,80.6,57,19.46,1
515,Mandalgovi,MN,1529261978,45.76,106.27,55.28,53,11.43,0
516,Yebaishou,CN,1529261978,41.4,119.64,66.16,87,7.52,0
517,El Tocuyo,VE,1529259240,9.79,-69.8,71.6,100,3.36,90
518,Dickinson,US,1529258160,46.88,-102.79,64.4,63,12.75,75
519,Manono,CD,1529261979,-7.3,27.4,77.86,31,10.76,0
520,Ambon,ID,1529261979,-3.7,128.18,77.78,100,4.94,88
521,Boende,CD,1529261979,-0.28,20.88,81.28,66,3.38,12
522,Svetlogorsk,RU,1529260200,53.14,59.15,50.0,81,8.95,40
523,Porto Velho,BR,1529258400,-8.75,-63.87,82.4,51,11.41,20
524,Luchegorsk,RU,1529261980,46.44,134.3,59.68,96,5.73,76
525,Avarua,CK,1529258400,-21.21,-159.78,73.4,73,11.41,40
526,Barguzin,RU,1529261980,53.62,109.63,40.88,90,2.04,0
527,Mar del Plata,AR,1529261549,-46.43,-67.52,55.81,57,16.46,44
528,Uige,AO,1529261980,-7.61,15.06,71.66,63,2.71,8
529,Jalu,LY,1529261981,29.03,21.55,89.66,21,16.8,0
530,Carahue,CL,1529261981,-38.71,-73.16,54.38,95,2.93,68
531,Watrous,CA,1529261981,51.67,-105.46,71.93,57,4.83,8
532,Mehamn,NO,1529257800,71.03,27.85,46.4,75,9.17,0
533,Dikson,RU,1529261981,73.51,80.55,32.68,97,2.04,76
534,Lincoln,NZ,1529258400,-43.64,172.49,44.6,93,3.36,80
535,Sorong,ID,1529261981,-0.86,131.25,79.31,100,3.38,56
536,Salamiyah,SY,1529261982,35.01,37.05,70.21,49,14.79,0
537,Ust-Kut,RU,1529261982,56.78,105.75,51.23,86,2.48,0
538,Boa Esperanca,BR,1529261982,-1.91,-60.0,84.26,73,3.27,32
539,Novoagansk,RU,1529261982,61.94,76.66,49.43,94,4.61,0
540,Ola,RU,1529258400,59.58,151.3,42.8,93,1.7,90
541,Naryan-Mar,RU,1529261982,67.67,53.09,52.39,51,6.06,8
542,Thompson,CA,1529258400,55.74,-97.86,68.0,42,14.99,75
543,Koszeg,HU,1529261983,47.39,16.54,72.73,64,11.54,8
544,Norman Wells,CA,1529258400,65.28,-126.83,60.8,77,11.41,75
545,Gamba,GA,1529261983,-2.72,10.02,76.61,94,10.2,92
546,Caravelas,BR,1529261983,-17.73,-39.27,75.98,100,12.33,0
547,Luderitz,NA,1529261983,-26.65,15.16,53.74,91,3.71,0
548,Magaria,NE,1529261984,13.0,8.91,95.51,43,2.93,20
549,Ust-Kulom,RU,1529261984,61.69,53.69,60.86,59,6.17,68
550,Hailar,CN,1529261984,49.2,119.7,53.56,96,5.61,92
551,Orguz,BA,1529260200,43.77,16.86,75.2,73,4.7,40
552,Harper,LR,1529261984,4.38,-7.71,77.96,100,12.21,92
553,Fethiye,TR,1529259600,36.62,29.12,73.4,78,2.15,40
554,Abatskoye,RU,1529261985,56.29,70.46,45.11,94,2.93,0
555,Jamestown,SH,1529261985,-15.94,-5.72,69.41,100,12.66,20
556,Falkenberg,SE,1529259600,56.9,12.49,62.6,59,9.17,40
557,Chicama,PE,1529258400,-7.84,-79.15,66.2,82,11.41,90
558,Kirakira,SB,1529261985,-10.46,161.92,79.58,100,15.46,68
559,La Cruz,MX,1529261713,23.92,-106.89,90.83,53,4.05,0
560,Pervomayskoye,RU,1529261986,57.07,86.23,63.56,64,11.43,56
561,Bouar,CF,1529261986,5.94,15.59,76.96,67,3.94,8
562,Hvide Sande,DK,1529259600,56.01,8.13,59.0,72,16.11,44
563,Marsh Harbour,BS,1529261986,26.54,-77.06,81.83,100,4.83,32
564,Urman,RU,1529261986,54.88,56.87,52.39,85,2.37,56
565,Les Cayes,HT,1529261986,18.19,-73.75,84.08,92,14.0,0
566,Ladario,BR,1529258400,-19.0,-57.6,75.2,53,10.29,0
567,Ranong,TH,1529258400,9.96,98.62,78.8,94,6.93,75
568,Boddam,GB,1529259600,57.47,-1.78,59.0,72,14.99,32
569,Kingman,US,1529258160,35.19,-114.05,91.4,17,15.23,0
570,Hofn,IS,1529261573,64.25,-15.21,46.01,100,20.04,92
571,Ushuaia,AR,1529258400,-54.81,-68.31,41.0,84,3.36,0
572,Brejo,BR,1529261987,-3.68,-42.75,86.59,71,5.17,0
573,Nayoro,JP,1529261988,44.36,142.46,51.23,97,4.61,88
574,Prince Rupert,CA,1529261700,54.32,-130.32,57.2,87,4.7,90
575,Kvarkeno,RU,1529261988,52.08,59.73,50.14,77,6.17,8
576,Trujillo,CO,1529258400,4.21,-76.32,80.6,61,2.04,75
577,Druskininkai,LT,1529261988,54.02,23.98,77.51,45,1.81,80
578,Upernavik,GL,1529261554,72.79,-56.15,32.68,96,6.62,68
579,Imbituba,BR,1529258400,-28.24,-48.67,62.6,77,3.36,75
580,Beremend,HU,1529260200,45.78,18.43,64.4,93,11.41,75
581,Bandarbeyla,SO,1529261579,9.49,50.81,76.43,87,33.46,8
582,Vienna,US,1529261580,39.32,-81.55,91.4,58,3.83,20
583,High Level,CA,1529258400,58.52,-117.13,73.4,43,6.93,75
584,Mago,RU,1529261989,53.27,140.15,50.33,80,6.4,92
585,Biskamzha,RU,1529261989,53.45,89.53,54.64,68,3.6,0
586,Sao Jose,BR,1529261990,-2.09,-48.17,75.08,100,6.06,92
587,Teofilo Otoni,BR,1529261911,-17.86,-41.51,77.78,56,8.19,24
588,The Pas,CA,1529258400,53.82,-101.24,69.8,40,9.17,75
589,Matias Romero,MX,1529261990,16.88,-95.03,81.19,65,11.65,92
590,Tasiilaq,GL,1529257800,65.61,-37.64,39.2,100,5.82,0
591,Kathmandu,NP,1529259600,27.71,85.32,68.0,100,1.92,75
592,Meulaboh,ID,1529261565,4.14,96.13,77.33,100,1.03,92
593,Bonthe,SL,1529261568,7.53,-12.5,75.26,100,8.41,92
594,Taltal,CL,1529261990,-25.41,-70.49,67.06,74,2.71,0
595,Haimen,CN,1529261990,31.87,121.18,73.54,94,10.42,76
596,Bredasdorp,ZA,1529258400,-34.53,20.04,57.2,82,23.04,92
597,Roebourne,AU,1529261991,-20.77,117.15,57.98,76,3.15,0
598,Atambua,ID,1529261991,-9.11,124.89,76.61,100,13.67,44
599,Antigonish,CA,1529258400,45.62,-61.99,59.0,58,6.93,1
600,Karpathos,GR,1529259600,35.51,27.21,75.2,73,9.17,20
601,Vigrestad,NO,1529259600,58.57,5.7,57.2,82,6.93,40
602,Kuytun,RU,1529261991,54.34,101.51,49.69,90,2.26,0
603,Bogashevo,RU,1529261992,56.37,85.14,66.53,58,8.63,80
604,Saint-Francois,GP,1529260200,16.25,-61.27,87.8,58,14.99,90
605,Hobart,AU,1529258400,-42.88,147.33,44.6,87,12.75,20
606,Yatou,CN,1529261571,33.81,104.32,54.01,100,1.59,92
607,Manzhouli,CN,1529261992,49.6,117.43,53.93,88,3.6,80
608,Pozo Colorado,PY,1529261992,-23.49,-58.8,55.54,69,5.73,92
609,Yinchuan,CN,1529261992,38.48,106.21,63.83,83,7.63,80
610,Ketou,BJ,1529261992,7.36,2.6,79.03,88,3.6,64
611,Danshui,CN,1529261993,22.81,114.46,77.51,100,2.48,20
612,Nacala,MZ,1529261993,-14.56,40.69,79.13,88,8.97,12
613,Olinda,BR,1529258400,-22.82,-43.41,75.2,73,11.41,75
614,Atuona,PF,1529261572,-9.8,-139.03,79.21,100,18.03,80
615,Chokurdakh,RU,1529261530,70.62,147.9,33.68,88,10.65,20
616,Basoko,CD,1529261993,1.23,23.61,83.63,65,4.94,44
617,New Norfolk,AU,1529258400,-42.78,147.06,44.6,87,12.75,20
618,Den Helder,NL,1529259900,52.96,4.76,60.8,82,13.87,90
619,Burns Lake,CA,1529261994,54.23,-125.76,67.06,51,2.71,0
620,Mezhdurechensk,RU,1529261553,53.69,88.07,60.04,58,4.72,0
621,Outlook,CA,1529261994,51.48,-107.04,71.11,64,4.61,0
622,Matadi,CD,1529261994,-5.83,13.46,79.93,68,8.75,0
623,La Ronge,CA,1529258400,55.1,-105.3,73.4,38,8.05,75
624,Zdunska Wola,PL,1529260200,51.6,18.94,75.2,41,2.24,0
625,Vila Velha,BR,1529258400,-3.71,-38.6,84.2,70,14.99,20
626,Kruisfontein,ZA,1529261994,-34.0,24.73,63.11,75,8.19,12
627,Le Port,RE,1529260200,-20.94,55.29,71.6,78,4.16,12
628,Khatanga,RU,1529261995,71.98,102.47,54.83,51,15.01,0
629,Vangaindrano,MG,1529261995,-23.35,47.6,65.81,90,5.84,48
630,Altay,CN,1529261560,47.83,88.13,52.39,65,2.26,80
631,Tambovka,RU,1529261995,47.32,47.38,70.13,33,7.74,0
632,San Lorenzo de El Escorial,ES,1529260200,40.59,-4.15,87.8,26,9.17,0
633,Chepareria,KE,1529261995,1.32,35.2,60.04,98,1.92,92
634,Saint-Augustin,CA,1529258400,45.63,-73.98,84.2,54,11.41,75
635,Whitehorse,CA,1529259660,60.72,-135.06,66.2,29,16.11,75
636,Chauk,MM,1529261996,20.89,94.82,79.03,83,7.74,0
637,Diamantino,BR,1529261566,-14.4,-56.44,75.79,62,6.29,0
638,Keelung,TW,1529260200,25.13,121.74,82.4,94,1.12,75
639,Ponta do Sol,CV,1529261573,17.2,-25.09,70.76,100,12.55,0
640,Tuatapere,NZ,1529261554,-46.13,167.69,41.06,100,3.27,76
641,Victoria,SC,1529258400,-4.62,55.45,80.6,83,9.17,20
642,Qaanaaq,GL,1529261996,77.48,-69.36,32.14,99,2.82,92
643,Iqaluit,CA,1529258400,63.75,-68.52,44.6,65,4.7,75
644,Rio Grande,BR,1529258400,-32.03,-52.1,57.2,67,4.7,40
645,Zhigansk,RU,1529261996,66.77,123.37,52.39,48,4.61,0
646,Cauquenes,CL,1529261997,-35.97,-72.32,55.91,94,4.27,8
647,Kieta,PG,1529261997,-6.22,155.63,75.98,100,3.04,88
648,Atbasar,KZ,1529261997,51.81,68.36,54.11,46,8.41,32
649,Paamiut,GL,1529261997,61.99,-49.67,36.73,100,12.55,76
650,Baoning,CN,1529258400,25.34,110.03,77.0,94,4.47,0
651,Olga,RU,1529261997,43.74,135.29,43.58,88,2.15,0
652,Mporokoso,ZM,1529261998,-9.37,30.12,68.23,40,8.97,0
653,Tomesti,RO,1529260200,47.12,27.68,66.2,93,4.7,75
654,Glendora,US,1529260800,34.14,-117.87,69.8,67,6.93,90
655,Chechen-Aul,RU,1529261998,43.2,45.79,62.83,97,2.82,92
656,Clarence Town,BS,1529261998,23.1,-74.98,82.63,98,8.41,0
657,Surt,LY,1529261536,31.21,16.59,74.81,84,7.4,0
658,Ucluelet,CA,1529258400,48.94,-125.55,66.2,59,5.82,40
659,Takoradi,GH,1529261552,4.89,-1.75,77.78,100,12.44,92
660,Woodstock,CA,1529258400,43.13,-80.75,89.6,62,12.75,75
661,Iquitos,PE,1529258400,-3.75,-73.25,75.2,73,8.05,75
662,Massakory,TD,1529261999,13.0,15.73,90.38,50,6.06,32
663,Lensk,RU,1529261999,60.71,114.91,49.78,92,2.37,24
664,Nshamba,TZ,1529261999,-1.8,31.55,72.56,87,3.49,0
665,College,US,1529260380,64.86,-147.8,62.6,77,3.36,90
666,Kavaratti,IN,1529262000,10.57,72.64,83.71,98,18.25,92
667,Beterou,BJ,1529262000,9.2,2.26,75.34,96,9.19,76
668,Sola,VU,1529261579,-13.88,167.55,78.86,99,14.45,88
669,Klaksvik,FO,1529259600,62.23,-6.59,50.0,87,14.99,88
670,Shilovo,RU,1529260200,51.55,39.09,59.0,67,5.95,0
671,Jutai,BR,1529262000,-1.71,-47.89,75.08,100,6.06,92
672,Eureka,US,1529260800,40.8,-124.16,62.6,72,11.41,1
673,Comodoro Rivadavia,AR,1529258400,-45.87,-67.48,60.8,51,23.04,0
674,Shache,CN,1529262003,38.42,77.24,67.16,57,9.53,0
675,Naukot,PK,1529262039,26.04,69.12,91.99,49,17.69,12
676,Leh,IN,1529261544,34.16,77.58,31.96,100,1.03,92
677,Gashua,NG,1529262040,12.87,11.04,95.33,31,5.17,20
678,Qasigiannguit,GL,1529257800,68.82,-51.19,44.6,82,4.7,75
679,Weiser,US,1529257980,44.25,-116.97,60.8,72,4.7,90
680,Brigantine,US,1529258160,39.41,-74.36,87.8,40,9.17,1
681,Borodyanka,UA,1529260200,50.64,29.92,73.4,83,4.47,32
682,Kuala Kedah,MY,1529258400,6.11,100.29,78.8,100,3.36,75
683,Pocoes,BR,1529258400,-14.53,-40.37,71.6,56,14.99,20
684,Huarmey,PE,1529262009,-10.07,-78.15,75.79,49,4.83,0
685,Port Macquarie,AU,1529258400,-31.43,152.91,51.8,53,10.29,40
686,Sao Jose da Coroa Grande,BR,1529262044,-8.9,-35.15,79.84,84,8.97,8
687,Shingu,JP,1529262010,33.72,135.99,70.93,100,15.68,92
688,Pavilosta,LV,1529261400,56.89,21.19,66.2,68,7.29,0
689,Komsomolskiy,RU,1529262011,67.55,63.78,42.23,79,18.03,0
690,Salalah,OM,1529257800,17.01,54.1,82.4,88,6.93,75
691,Bocaiuva,BR,1529258400,-17.12,-43.81,82.4,30,4.7,0
692,Kununurra,AU,1529258400,-15.77,128.74,66.2,34,5.82,0
693,Kurilsk,RU,1529262012,45.23,147.88,45.28,96,10.65,92
694,Viedma,AR,1529262013,-40.81,-62.99,66.26,50,14.12,0
695,Ribas do Rio Pardo,BR,1529262013,-20.45,-53.76,74.98,67,7.63,0
696,Flinders,AU,1529258400,-34.58,150.85,50.0,76,12.75,90
697,Isla Vista,US,1529260500,34.41,-119.86,64.4,63,10.29,90
698,Zvishavane,ZW,1529262049,-20.32,30.05,55.01,93,5.84,0
699,Tyumentsevo,RU,1529262015,53.32,81.5,61.39,87,2.71,44
700,Terrace,CA,1529258400,54.52,-128.61,69.8,49,5.82,20
701,Nikolskoye,RU,1529260200,59.7,30.79,69.8,56,8.95,0
702,Qingyuan,CN,1529262050,27.62,119.06,70.03,84,1.7,92
703,Roald,NO,1529259600,62.58,6.12,64.4,87,5.28,20
704,Povenets,RU,1529262051,62.85,34.83,69.31,46,6.06,24
705,Honavar,IN,1529262018,14.28,74.45,74.36,100,6.62,92
706,Accra,GH,1529258400,5.56,-0.21,82.4,74,21.92,75
707,Guaimaca,HN,1529258400,14.53,-86.82,82.4,61,11.41,75
708,Kidal,ML,1529262053,18.44,1.41,105.49,11,5.61,24
709,Noumea,NC,1529260200,-22.28,166.46,62.6,93,1.12,0
710,Kyra,RU,1529262020,49.58,111.97,47.71,83,5.73,0
711,East London,ZA,1529258400,-33.02,27.91,69.8,84,6.93,0
712,Russell,NZ,1529262021,-35.26,174.12,56.18,92,13.67,20
713,Peniche,PT,1529260200,39.36,-9.38,78.8,47,14.99,0
714,Santa Rosa,BO,1529262021,-20.7,-64.83,52.39,65,2.37,0
715,Port Elizabeth,ZA,1529260020,-33.92,25.57,62.6,33,6.93,0
716,Mitu,CO,1529262022,1.2,-70.17,73.28,99,3.04,88
717,Rantepao,ID,1529262022,-2.97,119.9,59.41,100,1.92,24
718,La Rioja,AR,1529262055,-29.41,-66.86,54.83,72,4.05,0
719,Bandar-e Lengeh,IR,1529258400,26.56,54.88,86.0,79,9.17,0
720,Lazaro Cardenas,MX,1529257260,28.39,-105.62,82.4,30,5.28,40
721,Kargopol,RU,1529262023,61.51,38.95,71.66,56,1.92,76
722,Hervey Bay,AU,1529261922,-25.3,152.85,53.66,100,15.01,0
723,Praia,CV,1529258400,14.92,-23.51,75.2,64,23.04,75
724,Pinega,RU,1529262024,64.7,43.39,70.93,45,2.71,24
725,Victoria Falls,ZW,1529262024,-17.93,25.84,56.63,42,3.94,0
726,Waingapu,ID,1529261553,-9.65,120.26,73.46,88,11.65,0
727,Cap Malheureux,MU,1529258400,-19.98,57.61,75.2,83,13.78,75
728,Vallenar,CL,1529262059,-28.58,-70.76,68.33,61,2.15,0
729,Sisimiut,GL,1529261550,66.94,-53.67,36.28,95,1.81,32
730,Tinaquillo,VE,1529258400,9.92,-68.31,73.4,88,9.17,40
731,Verkh-Usugli,RU,1529262025,52.7,115.17,48.43,79,2.37,56
732,Ndele,CF,1529262025,8.41,20.65,80.56,82,2.82,0
733,Mahebourg,MU,1529258400,-20.41,57.7,75.2,83,6.73,75
734,Warka,PL,1529260200,51.79,21.18,77.0,44,3.36,0
735,Bima,ID,1529262027,-8.45,118.73,70.03,100,3.83,0
736,Isangel,VU,1529262027,-19.55,169.27,74.63,100,12.77,20
737,Nakamura,JP,1529260200,35.17,136.87,68.0,88,10.29,75
738,Dalby,AU,1529258400,-27.18,151.26,30.2,74,9.98,0
739,Araripe,BR,1529262027,-7.21,-40.14,83.98,44,12.66,0
740,Mount Gambier,AU,1529261910,-37.83,140.78,48.79,77,4.5,92
741,Chenghai,CN,1529258400,23.46,116.77,75.2,100,6.71,90
742,Beringovskiy,RU,1529261572,63.05,179.32,38.89,100,2.82,88
743,Edgewater,US,1529260380,28.99,-80.9,91.4,70,13.87,40
744,Hobyo,SO,1529262029,5.35,48.53,77.51,75,20.83,0
745,Erzin,RU,1529262029,50.26,95.16,46.54,71,2.59,0
746,Birjand,IR,1529258400,32.86,59.22,80.6,10,4.7,0
747,Cape Town,ZA,1529258400,-33.93,18.42,55.4,93,10.29,90
748,Arkhipo-Osipovka,RU,1529262029,44.37,38.53,71.66,72,9.42,64
749,La Sarre,CA,1529262029,48.8,-79.2,72.38,82,13.0,76
750,Polunochnoye,RU,1529262030,60.87,60.43,58.88,79,12.21,8
751,Rawson,AR,1529261566,-43.3,-65.11,66.26,46,12.77,20
752,Chuy,UY,1529262030,-33.69,-53.46,56.36,87,8.52,0
753,Chumikan,RU,1529261557,54.72,135.31,39.26,95,12.44,92
754,Aniva,RU,1529258400,46.71,142.53,48.2,100,6.71,90
755,Samarai,PG,1529261534,-10.62,150.67,74.81,100,6.4,92
756,Zhengjiatun,CN,1529262065,43.51,123.51,67.61,89,11.77,76
757,Rurrenabaque,BO,1529258400,-14.44,-67.53,73.4,60,2.82,36
758,Vardo,NO,1529257800,70.37,31.11,48.2,81,3.36,0
759,Sawtell,AU,1529258400,-30.38,153.1,37.4,86,4.7,0
760,Ormara,PK,1529262032,25.21,64.64,84.61,90,10.54,20
761,East Wenatchee Bench,US,1529261580,47.43,-120.28,82.4,26,10.29,1
762,Yarmouth,CA,1529258400,43.84,-66.12,69.8,32,13.87,75
763,Morant Bay,JM,1529258400,17.88,-76.41,89.6,66,23.04,20
764,Bambanglipuro,ID,1529262067,-7.95,110.28,68.86,86,2.71,0
765,Paducah,US,1529260500,37.08,-88.6,93.2,59,3.36,40
766,Gubkinskiy,RU,1529262033,64.43,76.5,60.31,64,9.98,92
767,We,NC,1529262033,-20.92,167.26,70.84,100,5.39,92
768,Nortelandia,BR,1529262034,-14.45,-56.8,72.11,80,6.4,0
769,Port Alfred,ZA,1529262034,-33.59,26.89,66.16,62,5.73,8
770,Colac,AU,1529262034,-38.34,143.59,48.34,94,4.94,92
771,Christchurch,NZ,1529258400,-43.53,172.64,44.6,93,3.36,92
772,Isperih,BG,1529262034,43.72,26.83,69.76,90,3.38,48
773,Santa Barbara,BO,1529262035,-20.92,-66.05,54.11,17,7.4,0
774,Paracuru,BR,1529258400,-3.41,-39.03,84.2,70,14.99,20
775,Santa Rita,VE,1529258400,10.21,-67.56,87.8,48,5.5,40
776,Calvinia,ZA,1529262035,-31.47,19.78,49.33,59,5.5,8
777,Nanortalik,GL,1529262035,60.14,-45.24,35.03,100,9.08,76
778,Lusambo,CD,1529262036,-4.97,23.44,81.56,41,2.71,0
779,Westport,IE,1529260200,53.8,-9.52,53.6,93,21.92,75
780,Hermanus,ZA,1529262036,-34.42,19.24,56.44,98,10.76,92
781,Alakurtti,RU,1529262036,66.96,30.34,66.71,26,2.82,24
782,Vaitape,PF,1529262036,-16.52,-151.75,76.61,100,6.85,12
783,Ahipara,NZ,1529261550,-35.17,173.16,57.71,100,16.13,92
784,Oranjemund,NA,1529261562,-28.55,16.43,59.41,97,9.19,0
785,Pangai,TO,1529258400,-19.8,-174.35,75.2,73,9.17,40
786,Uvinza,TZ,1529262037,-5.1,30.39,65.81,60,2.26,0
787,Sao Gabriel da Cachoeira,BR,1529258400,-0.13,-67.09,75.2,94,6.93,75
788,Miri,MY,1529258400,4.41,114.01,78.8,94,3.36,75
789,Bam,IR,1529261924,29.11,58.36,79.76,15,5.95,12
790,Guadalajara,ES,1529260200,40.63,-3.16,87.8,16,16.11,0
791,Nola,CF,1529262037,3.52,16.05,78.23,81,2.59,12
792,Okha,RU,1529262038,53.59,142.95,43.21,89,9.64,92
793,Kaeo,NZ,1529261557,-35.1,173.78,56.18,92,13.67,20
794,Arraial do Cabo,BR,1529260200,-22.97,-42.02,73.4,100,6.93,75
795,Belyy Yar,RU,1529260200,53.6,91.39,59.0,72,2.24,0
796,Sechura,PE,1529262038,-5.56,-80.82,73.63,78,10.87,0
797,Khandbari,NP,1529262039,27.38,87.21,43.66,68,1.48,68
798,Kirovsk,RU,1529262039,67.62,33.66,62.74,34,2.59,48
799,Inhuma,BR,1529261900,-6.67,-41.71,90.73,37,9.64,0
800,Dingle,IE,1529261880,52.14,-10.27,57.79,95,21.27,88
801,Gilgit,PK,1529262056,35.92,74.31,33.86,81,0.25,0
802,Maputo,MZ,1529258400,-25.97,32.57,68.0,72,8.05,0
803,Praia da Vitoria,PT,1529258400,38.73,-27.07,78.8,65,6.17,20
804,Cartagena,CO,1529261553,9.69,-73.26,89.66,61,1.14,8
805,Kapaa,US,1529258160,22.08,-159.32,78.8,78,5.82,20
806,Kinango,KE,1529258400,-4.13,39.32,77.0,83,4.7,20
807,Riverton,US,1529261580,43.02,-108.38,53.6,87,5.82,90
808,Pauini,BR,1529262041,-7.71,-67.0,78.68,68,7.74,24
809,Ribeira Grande,PT,1529260200,38.52,-28.7,75.2,78,9.75,20
810,Haines Junction,CA,1529261537,60.75,-137.51,53.29,53,4.38,56
811,Aklavik,CA,1529258400,68.22,-135.01,50.0,79,3.36,75
812,Boa Vista,BR,1529258400,2.82,-60.67,78.8,83,4.7,75
813,Kaz,RU,1529262043,53.11,87.55,60.86,61,4.94,0
814,Grootfontein,NA,1529262043,-19.56,18.1,56.53,38,6.4,0
815,Tarnos,FR,1529260200,43.54,-1.46,66.2,72,6.93,40
816,Lebu,CL,1529262043,-37.62,-73.65,54.56,98,2.82,44
817,Neiafu,TO,1529258400,-18.65,-173.98,71.6,83,2.24,40
818,Muborak,UZ,1529262044,39.25,65.15,78.23,23,10.98,0
819,Hare Bay,CA,1529258400,48.86,-53.99,46.4,65,11.41,75
820,Sibolga,ID,1529262044,1.74,98.78,70.03,100,1.7,80
821,Medfield,US,1529260500,42.19,-71.31,89.6,44,9.17,1
822,Mangrol,IN,1529261556,25.33,76.51,88.03,53,16.02,0
823,Tynda,RU,1529262045,55.15,124.74,46.99,86,2.59,8
824,Las Vegas,US,1529260740,36.17,-115.15,87.8,10,24.16,1
825,San Patricio,MX,1529258700,19.22,-104.7,87.8,66,9.17,75
826,Changli,CN,1529262045,30.54,105.42,71.56,99,3.27,100
827,Salou,ES,1529260200,41.08,1.14,75.2,53,4.7,0
828,Kikwit,CD,1529262045,-5.04,18.82,79.03,74,2.26,0
829,Saint George,BM,1529258100,32.38,-64.68,77.0,69,9.17,75
830,Saint-Philippe,RE,1529258400,-21.36,55.77,71.6,68,6.93,0
831,Green River,US,1529261640,41.53,-109.47,59.0,72,25.28,75
832,Walvis Bay,NA,1529258400,-22.95,14.51,57.2,82,2.24,0
833,Yuanping,CN,1529262046,38.72,112.71,60.58,94,2.37,76
834,Lagoa,PT,1529260200,37.14,-8.45,75.2,57,10.29,0
835,Bilibino,RU,1529262047,68.06,166.44,63.28,49,2.59,68
836,Pringsewu,ID,1529262047,-5.36,104.98,74.63,92,0.58,80
837,Wembley,CA,1529258400,55.15,-119.14,73.4,38,4.7,75
838,Praya,ID,1529260200,-8.71,116.27,68.0,100,2.24,0
839,Pudozh,RU,1529262069,61.81,36.54,69.41,72,2.82,0
840,Khao Yoi,TH,1529262069,13.24,99.82,75.26,85,6.96,56
841,Pacific Grove,US,1529260500,36.62,-121.92,66.2,55,6.93,1
842,Calbuco,CL,1529258400,-41.77,-73.13,57.2,87,18.34,90
843,Gigmoto,PH,1529262069,13.78,124.39,82.28,100,9.75,44
844,Rundu,NA,1529262070,-17.91,19.77,61.13,28,7.63,0
845,San Nicolas,AR,1529258400,-27.11,-65.24,66.2,37,5.82,0
846,Talnakh,RU,1529262070,69.49,88.39,60.23,65,2.93,0
847,Narsaq,GL,1529257800,60.91,-46.05,46.4,98,10.29,75
848,Kruszwica,PL,1529260200,52.67,18.33,78.8,31,4.7,0
849,Zruc nad Sazavou,CZ,1529258400,49.74,15.11,78.8,39,4.7,0
850,Hilo,US,1529257980,19.71,-155.08,71.6,88,8.05,90
851,Mayumba,GA,1529262071,-3.44,10.65,74.81,95,8.08,92
852,Isoka,ZM,1529262071,-10.15,32.64,65.18,47,8.3,8
853,Khovu-Aksy,RU,1529262071,51.13,93.72,46.09,70,1.92,0
854,Buta,CD,1529262072,2.79,24.73,82.01,68,3.83,8
855,Gornopravdinsk,RU,1529262072,60.06,69.92,49.16,88,2.82,0
856,Kahului,US,1529258160,20.89,-156.47,78.8,78,10.29,20
857,Cayenne,GF,1529260200,4.94,-52.33,78.8,94,2.24,56
858,Rahimatpur,IN,1529262072,17.59,74.2,71.74,90,9.08,68
859,Tazovskiy,RU,1529261578,67.47,78.7,65.89,81,4.16,32
860,Gravdal,NO,1529259600,59.79,5.78,60.8,76,8.05,0
861,Puerto Escondido,MX,1529257500,15.86,-97.07,82.4,74,1.14,90
862,Edson,CA,1529258400,53.59,-116.44,69.8,35,6.93,1
863,Khandyga,RU,1529262073,62.65,135.58,57.71,69,7.74,76
864,Padang,ID,1529262073,-0.92,100.36,77.06,100,5.39,100
865,Vredendal,ZA,1529262073,-31.68,18.49,57.16,84,8.3,92
866,Kuala Terengganu,MY,1529258400,5.33,103.14,73.4,94,4.7,75
867,Jurm,AF,1529262074,36.86,70.83,39.43,85,1.48,20
868,Sale,AU,1529262074,-38.11,147.06,51.68,96,9.53,92
